category,model,group,x,y,z,scale,yaw_deg
tree,island_tree_01,manual_sparse_002,29.374000,-26.598000,-2.719041,1.021,163.6
tree,tree_small_02,grove_1,-27.317000,26.086000,-0.798830,1.073,64.8
tree,island_tree_02,grove_1,-28.198000,20.632000,-0.724246,1.151,244.1
tree,island_tree_02,grove_1,-22.902000,23.177000,-0.595014,1.118,100.7
tree,island_tree_02,grove_1,-36.457000,24.423000,-1.051018,1.045,266.2
tree,island_tree_01,grove_2,-61.490000,36.243000,-1.907198,0.965,258.0
tree,island_tree_02,grove_2,-60.607000,40.671000,-1.991314,1.138,121.3
tree,island_tree_01,grove_2,-58.091000,33.285000,-1.794557,1.036,220.3
tree,island_tree_01,grove_2,-53.009000,33.015000,-1.668139,1.067,276.5
tree,island_tree_01,grove_2,-55.664000,29.603000,-1.643242,1.045,224.5
tree,island_tree_02,manual_sparse_013,29.491000,3.113000,-1.691432,1.136,114.5
tree,tree_small_02,grove_3,-54.577000,2.743000,-1.442784,1.101,287.6
tree,island_tree_02,manual_sparse_015,10.496000,11.430000,0.026276,1.085,313.2
tree,island_tree_02,manual_sparse_016,-32.269000,45.004000,-1.999104,1.008,115.7
tree,island_tree_02,final_inward_017,26.175000,42.728000,-2.251811,1.077,320.7
tree,island_tree_02,grove_3,-52.563000,-0.696000,-1.445495,1.157,213.1
tree,island_tree_02,grove_4,-9.568000,-7.006000,-0.588427,0.978,321.7
tree,island_tree_02,manual_sparse_020,1.037000,35.728000,-0.789071,1.097,325.3
tree,island_tree_01,final_between_023_029,-14.730000,-13.934000,-1.111781,0.949,33.4
tree,island_tree_01,grove_4,-17.972000,-6.349000,-0.919525,1.024,136.1
tree,island_tree_01,manual_sparse_024,24.104000,-11.856000,-1.743909,0.902,186.7
tree,island_tree_01,grove_5,-3.418000,-12.800000,-0.514900,1.013,200.2
tree,tree_small_02,grove_5,-6.459000,-20.356000,-0.858805,1.010,180.7
tree,tree_small_02,grove_5,-9.461000,-15.819000,-0.905916,1.017,178.1
tree,island_tree_02,grove_5,-11.488000,-21.519000,-1.068836,1.011,273.0
tree,island_tree_02,grove_5,-1.682000,-19.429000,-0.693282,1.138,223.7
tree,island_tree_02,isolated_1,0.122000,-28.806000,-0.867483,1.028,321.1
tree,island_tree_02,isolated_2,6.043000,-9.985000,-0.291730,1.107,240.5
tree,island_tree_01,final_near_040,21.762000,35.458000,-1.412088,0.993,226.3
tree,island_tree_02,isolated_4,24.198000,30.361000,-1.245449,1.093,176.7
tree,island_tree_01,isolated_5,-7.492000,21.682000,-0.122346,1.050,196.3
tree,island_tree_01,manual_inward_036,12.781000,42.000000,-1.739591,0.950,337.2
tree,island_tree_02,isolated_7,-14.576000,23.531000,-0.305853,1.010,351.1
tree,island_tree_01,manual_inward_038,-12.855000,42.000000,-1.218031,0.942,27.4
tree,island_tree_02,isolated_9,-57.606000,-11.889000,-1.713355,0.971,133.6
rock,boulder_01,rock_1,-32.400000,25.669000,-0.959512,2.189,322.0
rock,boulder_01,rock_2,-31.465000,34.071000,-1.304894,2.146,164.7
rock,boulder_01,rock_3,-55.140000,39.069000,-1.867612,1.716,126.7
rock,boulder_01,rock_4,-52.086000,17.706000,-1.326816,2.274,122.3
rock,boulder_01,rock_5,13.795000,-9.895000,-0.719801,1.594,3.7
rock,boulder_01,rock_6,29.456000,26.801000,-1.379380,2.206,304.4
rock,boulder_01,manual_inward_047,-36.669000,41.999000,-1.913560,2.286,328.6
rock,boulder_01,rock_8,-9.074000,-13.367000,-0.808885,2.089,209.3
rock,boulder_01,rock_9,23.632000,-0.705000,-1.231807,2.278,250.2
rock,boulder_01,rock_10,-8.433000,33.392000,-0.617097,1.995,252.0
